출처,회사명,직무,이메일,URL
원티드,레이어바이레이어,"[레이어랩] 글로벌 마케팅 담당(아마존,큐텐,틱톡샵)",,https://www.wanted.co.kr/wd/366597
원티드,뉴트리원,일본 큐텐 MD (3년 이하),,https://www.wanted.co.kr/wd/360073
원티드,달링커뮤니케이션,JP향 퍼포먼스 마케터 (큐텐JP 싱글원 및 메타 셀프서버),,https://www.wanted.co.kr/wd/307954
원티드,제이디티씨,K-뷰티 아마존/큐텐/라쿠텐 등 글로벌 퍼포먼스 마케팅 리드급,,https://www.wanted.co.kr/wd/351056
원티드,안앤케이글로벌,해외영업팀 일본 큐텐 운영 MD,,https://www.wanted.co.kr/wd/349805
원티드,달링커뮤니케이션,【일본어우대】 일본향 퍼포먼스 마케터(큐텐 JP 싱글원 및 메타 셀프서버),,https://www.wanted.co.kr/wd/359347
사람인,(주)슬로우로켓,일본 큐텐(Qoo10) 채널운영관리 MD,help@saramin.co.kr,https://www.saramin.co.kr/zf_user/jobs/relay/view?view_type=search&rec_idx=54268240&location=ts&searchword=%ED%81%90%ED%85%90&searchType=search&paid_fl=n&search_uuid=8e2f5fde-8607-466d-9b51-96ad3a785e16
사람인,리메세(주),침착하고 집요한 글로벌 MD (Qoo10 Japan / eBay US·UK),help@saramin.co.kr,https://www.saramin.co.kr/zf_user/jobs/relay/view?view_type=search&rec_idx=54273274&location=ts&searchword=%ED%81%90%ED%85%90&searchType=search&paid_fl=n&search_uuid=8e2f5fde-8607-466d-9b51-96ad3a785e16
사람인,(주)데이지에스앤씨,일본 큐텐 정규직 전환형 인턴 채용,help@saramin.co.kr,https://www.saramin.co.kr/zf_user/jobs/relay/view?view_type=search&rec_idx=54158561&location=ts&searchword=%ED%81%90%ED%85%90&searchType=search&paid_fl=n&search_uuid=8e2f5fde-8607-466d-9b51-96ad3a785e16
사람인,(주)큰삼촌컴퍼니,패션 이커머스 온라인 MD - 일본 큐텐 상품운영·SNS마케팅,help@saramin.co.kr,https://www.saramin.co.kr/zf_user/jobs/relay/view?view_type=search&rec_idx=54093143&location=ts&searchword=%ED%81%90%ED%85%90&searchType=search&paid_fl=n&search_uuid=8e2f5fde-8607-466d-9b51-96ad3a785e16
사람인,(주)케이팝피버,주식회사 케이팝피버 오픈마켓운영 큐텐 일본,help@saramin.co.kr,https://www.saramin.co.kr/zf_user/jobs/relay/view?view_type=search&rec_idx=54270409&location=ts&searchword=%ED%81%90%ED%85%90&searchType=search&paid_fl=n&search_uuid=8e2f5fde-8607-466d-9b51-96ad3a785e16
사람인,(주)네오미래,[글로벌 뷰티 브랜드] B2C 해외영업 채용 (아마존/큐텐/쇼피),help@saramin.co.kr,https://www.saramin.co.kr/zf_user/jobs/relay/view?view_type=search&rec_idx=54039983&location=ts&searchword=%ED%81%90%ED%85%90&searchType=search&paid_fl=n&search_uuid=8e2f5fde-8607-466d-9b51-96ad3a785e16
사람인,(주)페르니코리아,"[연봉상승, 성과급] (FERNNI)해외 이커머스MD(아마존,쇼피,큐텐)",help@saramin.co.kr,https://www.saramin.co.kr/zf_user/jobs/relay/view?view_type=search&rec_idx=54247780&location=ts&searchword=%ED%81%90%ED%85%90&searchType=search&paid_fl=n&search_uuid=8e2f5fde-8607-466d-9b51-96ad3a785e16
사람인,터틀커머스,"[신입/경력] 음반,굿즈 큐텐/스마트스토어 등등 온라인MD 채용",help@saramin.co.kr,https://www.saramin.co.kr/zf_user/jobs/relay/view?view_type=search&rec_idx=54103459&location=ts&searchword=%ED%81%90%ED%85%90&searchType=search&paid_fl=n&search_uuid=8e2f5fde-8607-466d-9b51-96ad3a785e16
사람인,(주)라큐로스,일본 큐텐 MD 경력직 채용,help@saramin.co.kr,https://www.saramin.co.kr/zf_user/jobs/relay/view?view_type=search&rec_idx=54266263&location=ts&searchword=%ED%81%90%ED%85%90&searchType=search&paid_fl=n&search_uuid=8e2f5fde-8607-466d-9b51-96ad3a785e16
사람인,(주)네이처리퍼블릭,(주)네이처리퍼블릭 글로벌 이커머스 팀장(Amazon/Shopee/Qoo10),help@saramin.co.kr,https://www.saramin.co.kr/zf_user/jobs/relay/view?view_type=search&rec_idx=54108666&location=ts&searchword=%ED%81%90%ED%85%90&searchType=search&paid_fl=n&search_uuid=8e2f5fde-8607-466d-9b51-96ad3a785e16
사람인,(주)뉴트리원,(주)뉴트리원 일본 큐텐/이커머스 MD (3년 이하),help@saramin.co.kr,https://www.saramin.co.kr/zf_user/jobs/relay/view?view_type=search&rec_idx=53809401&location=ts&searchword=%ED%81%90%ED%85%90&searchType=search&paid_fl=n&search_uuid=8e2f5fde-8607-466d-9b51-96ad3a785e16
사람인,(주)슬로우로켓,일본 큐텐(Qoo10) 채널운영관리 MD,help@saramin.co.kr,https://www.saramin.co.kr/zf_user/jobs/relay/view?view_type=search&rec_idx=54204268&location=ts&searchword=%ED%81%90%ED%85%90&searchType=search&paid_fl=n&search_uuid=8e2f5fde-8607-466d-9b51-96ad3a785e16
사람인,여우화장,"해외 쇼핑몰(쇼피,아마존,큐텐,타오바오등) 운영 경험자 모집",help@saramin.co.kr,https://www.saramin.co.kr/zf_user/jobs/relay/view?view_type=search&rec_idx=54205875&location=ts&searchword=%ED%81%90%ED%85%90&searchType=search&paid_fl=n&search_uuid=8e2f5fde-8607-466d-9b51-96ad3a785e16
사람인,(주)팜스빌,"글로벌커머스(큐텐, 라쿠텐, 아마존 등) 운영 전문가 모십니다.",help@saramin.co.kr,https://www.saramin.co.kr/zf_user/jobs/relay/view?view_type=search&rec_idx=54024900&location=ts&searchword=%ED%81%90%ED%85%90&searchType=search&paid_fl=n&search_uuid=8e2f5fde-8607-466d-9b51-96ad3a785e16
사람인,주식회사 글로벌아크,"[K-Beauty] 화장품 틱톡샵, 아마존, Qoo10 이커머스 채용",help@saramin.co.kr,https://www.saramin.co.kr/zf_user/jobs/relay/view?view_type=search&rec_idx=54086060&location=ts&searchword=%ED%81%90%ED%85%90&searchType=search&paid_fl=n&search_uuid=8e2f5fde-8607-466d-9b51-96ad3a785e16
사람인,(주)오프온,"[뷰티 브랜드 오프온] 일본 MD 마케팅(큐텐, 라쿠텐, 아마존JP)",help@saramin.co.kr,https://www.saramin.co.kr/zf_user/jobs/relay/view?view_type=search&rec_idx=54116943&location=ts&searchword=%ED%81%90%ED%85%90&searchType=search&paid_fl=n&search_uuid=8e2f5fde-8607-466d-9b51-96ad3a785e16
사람인,(주)제이펀,글로벌 이커머스 담당 MD 채용 (Amazon / Qoo10),help@saramin.co.kr,https://www.saramin.co.kr/zf_user/jobs/relay/view?view_type=search&rec_idx=54134246&location=ts&searchword=%ED%81%90%ED%85%90&searchType=search&paid_fl=n&search_uuid=8e2f5fde-8607-466d-9b51-96ad3a785e16
사람인,주식회사 서울글로벌마케팅,"[미용소품, K뷰티] 일본 큐텐, 아마존재팬, SNS 경력 마케터구인",help@saramin.co.kr,https://www.saramin.co.kr/zf_user/jobs/relay/view?view_type=search&rec_idx=54253774&location=ts&searchword=%ED%81%90%ED%85%90&searchType=search&paid_fl=n&search_uuid=8e2f5fde-8607-466d-9b51-96ad3a785e16
사람인,주식회사푼바키,주식회사푼바키에서 큐텐MD 담당자를 찾고 있어요,help@saramin.co.kr,https://www.saramin.co.kr/zf_user/jobs/relay/view?view_type=search&rec_idx=54268718&location=ts&searchword=%ED%81%90%ED%85%90&searchType=search&paid_fl=n&search_uuid=8e2f5fde-8607-466d-9b51-96ad3a785e16
사람인,(주)투데이헬스케어,[식품 커머스] 큐텐 재팬 및 일어권 MD 모집,help@saramin.co.kr,https://www.saramin.co.kr/zf_user/jobs/relay/view?view_type=search&rec_idx=54219295&location=ts&searchword=%ED%81%90%ED%85%90&searchType=search&paid_fl=n&search_uuid=8e2f5fde-8607-466d-9b51-96ad3a785e16
사람인,(주)김정문알로에,일본 큐텐 운영 MD 경력직 채용,job@thefounders.kr,https://www.saramin.co.kr/zf_user/jobs/relay/view?view_type=search&rec_idx=54060925&location=ts&searchword=%ED%81%90%ED%85%90&searchType=search&paid_fl=n&search_uuid=8e2f5fde-8607-466d-9b51-96ad3a785e16
사람인,(유)프리티스킨인터내셔널,화장품 브랜드 일본 Qoo10(큐텐) 채널 MD채용,help@saramin.co.kr,https://www.saramin.co.kr/zf_user/jobs/relay/view?view_type=search&rec_idx=54201756&location=ts&searchword=%ED%81%90%ED%85%90&searchType=search&paid_fl=n&search_uuid=8e2f5fde-8607-466d-9b51-96ad3a785e16
사람인,셀잇(주),큐텐재팬 운영 경력자 모집,help@saramin.co.kr,https://www.saramin.co.kr/zf_user/jobs/relay/view?view_type=search&rec_idx=54224392&location=ts&searchword=%ED%81%90%ED%85%90&searchType=search&paid_fl=n&search_uuid=8e2f5fde-8607-466d-9b51-96ad3a785e16
사람인,유니콘바인(주),"뷰티 브랜드 큐텐(Qoo10), 아마존, 틱톡샵 MD 채용 공고",help@saramin.co.kr,https://www.saramin.co.kr/zf_user/jobs/relay/view?view_type=search&rec_idx=54150096&location=ts&searchword=%ED%81%90%ED%85%90&searchType=search&paid_fl=n&search_uuid=8e2f5fde-8607-466d-9b51-96ad3a785e16
사람인,(주)매그니프,[화장품] 노에트 일본 큐텐 MD 경력직 채용,help@saramin.co.kr,https://www.saramin.co.kr/zf_user/jobs/relay/view?view_type=search&rec_idx=54206885&location=ts&searchword=%ED%81%90%ED%85%90&searchType=search&paid_fl=n&search_uuid=8e2f5fde-8607-466d-9b51-96ad3a785e16
사람인,프로페셔날핸즈인핸즈코리아(주),"[화장품(대기업)] 일본EC팀장(큐텐,아마존)(8년~)",sally@prohanzkorea.co.kr,https://www.saramin.co.kr/zf_user/jobs/relay/view?view_type=search&rec_idx=54130284&location=ts&searchword=%ED%81%90%ED%85%90&searchType=search&paid_fl=n&search_uuid=8e2f5fde-8607-466d-9b51-96ad3a785e16
사람인,(주)프로써치코리아,화장품 일본 온라인 마케팅 (큐텐 MD),hr@pointnextion.com,https://www.saramin.co.kr/zf_user/jobs/relay/view?view_type=search&rec_idx=54167578&location=ts&searchword=%ED%81%90%ED%85%90&searchType=search&paid_fl=n&search_uuid=8e2f5fde-8607-466d-9b51-96ad3a785e16
사람인,(주)마이더스에이치알,[유명 코스메틱 기업] 일본 온라인 마케팅 (Qoo10) 팀원급 채용,help@saramin.co.kr,https://www.saramin.co.kr/zf_user/jobs/relay/view?view_type=search&rec_idx=54212488&location=ts&searchword=%ED%81%90%ED%85%90&searchType=search&paid_fl=n&search_uuid=8e2f5fde-8607-466d-9b51-96ad3a785e16
사람인,(주)엔엠에스컨설팅,이커머스 큐텐 담당(사원~대리 :급성장중인 화장품 글로버유통,help@saramin.co.kr,https://www.saramin.co.kr/zf_user/jobs/relay/view?view_type=search&rec_idx=54241664&location=ts&searchword=%ED%81%90%ED%85%90&searchType=search&paid_fl=n&search_uuid=8e2f5fde-8607-466d-9b51-96ad3a785e16
사람인,(주)우주텍,르무통 영업/마케터/MD/디자이너/전산팀 인재 모집,help@saramin.co.kr,https://www.saramin.co.kr/zf_user/jobs/relay/view?view_type=search&rec_idx=53986494&location=ts&searchword=%ED%81%90%ED%85%90&searchType=search&paid_fl=n&search_uuid=8e2f5fde-8607-466d-9b51-96ad3a785e16
사람인,코스맥스비티아이(주),[코스맥스그룹] 26년 6~7월 경력사원 채용,help@saramin.co.kr,https://www.saramin.co.kr/zf_user/jobs/relay/view?view_type=search&rec_idx=54216620&location=ts&searchword=%ED%81%90%ED%85%90&searchType=search&paid_fl=n&search_uuid=8e2f5fde-8607-466d-9b51-96ad3a785e16
사람인,(주)에이치엘사이언스,㈜에이치엘사이언스 경력직 부문별 채용,help@saramin.co.kr,https://www.saramin.co.kr/zf_user/jobs/relay/view?view_type=search&rec_idx=53822162&location=ts&searchword=%ED%81%90%ED%85%90&searchType=search&paid_fl=n&search_uuid=8e2f5fde-8607-466d-9b51-96ad3a785e16
사람인,(주)마이커머스,인사·총무 담당자 채용(강남역·경영지원팀·HR/총무),hr@mycommerc.com,https://www.saramin.co.kr/zf_user/jobs/relay/view?view_type=search&rec_idx=54245171&location=ts&searchword=%ED%81%90%ED%85%90&searchType=search&paid_fl=n&search_uuid=8e2f5fde-8607-466d-9b51-96ad3a785e16
사람인,(주)라이프스타일프로젝트,[LSP] 인사총무팀 부문별 채용,help@saramin.co.kr,https://www.saramin.co.kr/zf_user/jobs/relay/view?view_type=search&rec_idx=53781644&location=ts&searchword=%ED%81%90%ED%85%90&searchType=search&paid_fl=n&search_uuid=8e2f5fde-8607-466d-9b51-96ad3a785e16
사람인,컨티뉴엄파트너스(주),해외사업팀 경력직 채용,job@thefounders.kr,https://www.saramin.co.kr/zf_user/jobs/relay/view?view_type=search&rec_idx=54054409&location=ts&searchword=%ED%81%90%ED%85%90&searchType=search&paid_fl=n&search_uuid=8e2f5fde-8607-466d-9b51-96ad3a785e16
사람인,주식회사 청담글로벌,[코스닥상장사](주)청담글로벌 26년도 수시채용(신입/경력),help@saramin.co.kr,https://www.saramin.co.kr/zf_user/jobs/relay/view?view_type=search&rec_idx=53792895&location=ts&searchword=%ED%81%90%ED%85%90&searchType=search&paid_fl=n&search_uuid=8e2f5fde-8607-466d-9b51-96ad3a785e16
사람인,(주)와우바이오텍,[K뷰티] 글로벌마케팅/영업/지원담당자 모집,help@saramin.co.kr,https://www.saramin.co.kr/zf_user/jobs/relay/view?view_type=search&rec_idx=54060406&location=ts&searchword=%ED%81%90%ED%85%90&searchType=search&paid_fl=n&search_uuid=8e2f5fde-8607-466d-9b51-96ad3a785e16
사람인,(주)와우바이오텍,[K뷰티] 해외 마케팅 (중국/일본/대만/동남아) 담당자 모집,help@saramin.co.kr,https://www.saramin.co.kr/zf_user/jobs/relay/view?view_type=search&rec_idx=54056328&location=ts&searchword=%ED%81%90%ED%85%90&searchType=search&paid_fl=n&search_uuid=8e2f5fde-8607-466d-9b51-96ad3a785e16
사람인,(주)달바글로벌,달바글로벌[d'Alba Global] 품질(QC) 경력자 채용,help@saramin.co.kr,https://www.saramin.co.kr/zf_user/jobs/relay/view?view_type=search&rec_idx=54224710&location=ts&searchword=%ED%81%90%ED%85%90&searchType=search&paid_fl=n&search_uuid=8e2f5fde-8607-466d-9b51-96ad3a785e16
사람인,(주)바임,[JUVELOOK SKINCARE] 온오프라인MD/일본MD/패키지디자인 채용,help@saramin.co.kr,https://www.saramin.co.kr/zf_user/jobs/relay/view?view_type=search&rec_idx=54259272&location=ts&searchword=%ED%81%90%ED%85%90&searchType=search&paid_fl=n&search_uuid=8e2f5fde-8607-466d-9b51-96ad3a785e16
사람인,(주)에바커머스,[뷰티/화장품] 스킨케어 브랜드 beiskin 브랜드매니저(BM) 채용,help@saramin.co.kr,https://www.saramin.co.kr/zf_user/jobs/relay/view?view_type=search&rec_idx=54043692&location=ts&searchword=%ED%81%90%ED%85%90&searchType=search&paid_fl=n&search_uuid=a24df5a6-1b60-47c9-9dfd-5d12e2cb542d
사람인,(주)브이티코스메틱,[VT코스메틱/리들샷] 상품기획 경력직 채용,help@saramin.co.kr,https://www.saramin.co.kr/zf_user/jobs/relay/view?view_type=search&rec_idx=54229246&location=ts&searchword=%ED%81%90%ED%85%90&searchType=search&paid_fl=n&search_uuid=a24df5a6-1b60-47c9-9dfd-5d12e2cb542d
사람인,(주)라이프스타일프로젝트,[LSP] 뷰티/건기식 상품기획 및 제조담당(R&D) 모집,help@saramin.co.kr,https://www.saramin.co.kr/zf_user/jobs/relay/view?view_type=search&rec_idx=54104574&location=ts&searchword=%ED%81%90%ED%85%90&searchType=search&paid_fl=n&search_uuid=a24df5a6-1b60-47c9-9dfd-5d12e2cb542d
사람인,(주)아렌시아,미국 아마존 MD,job@thefounders.kr,https://www.saramin.co.kr/zf_user/jobs/relay/view?view_type=search&rec_idx=54118980&location=ts&searchword=%ED%81%90%ED%85%90&searchType=search&paid_fl=n&search_uuid=a24df5a6-1b60-47c9-9dfd-5d12e2cb542d
사람인,(주)올리브인터내셔널,[일본사업본부] 일본 온라인 MD,help@saramin.co.kr,https://www.saramin.co.kr/zf_user/jobs/relay/view?view_type=search&rec_idx=53833780&location=ts&searchword=%ED%81%90%ED%85%90&searchType=search&paid_fl=n&search_uuid=a24df5a6-1b60-47c9-9dfd-5d12e2cb542d
사람인,(주)에이비티아시아,[파파레서피/잉가] 글로벌 MD 인턴,help@saramin.co.kr,https://www.saramin.co.kr/zf_user/jobs/relay/view?view_type=search&rec_idx=54077826&location=ts&searchword=%ED%81%90%ED%85%90&searchType=search&paid_fl=n&search_uuid=a24df5a6-1b60-47c9-9dfd-5d12e2cb542d
사람인,(주)마이쏜즈,온라인 MD 채용합니다.,help@saramin.co.kr,https://www.saramin.co.kr/zf_user/jobs/relay/view?view_type=search&rec_idx=54194427&location=ts&searchword=%ED%81%90%ED%85%90&searchType=search&paid_fl=n&search_uuid=a24df5a6-1b60-47c9-9dfd-5d12e2cb542d
사람인,(주)지엘리코퍼레이션,[경력] 가쉬 온라인 플랫폼 쿠팡 MD,help@saramin.co.kr,https://www.saramin.co.kr/zf_user/jobs/relay/view?view_type=search&rec_idx=53850948&location=ts&searchword=%ED%81%90%ED%85%90&searchType=search&paid_fl=n&search_uuid=a24df5a6-1b60-47c9-9dfd-5d12e2cb542d
사람인,(주)이즈앤트리,[이즈앤트리] BM팀 상품기획 담당(주임/대리급),help@saramin.co.kr,https://www.saramin.co.kr/zf_user/jobs/relay/view?view_type=search&rec_idx=54092495&location=ts&searchword=%ED%81%90%ED%85%90&searchType=search&paid_fl=n&search_uuid=a24df5a6-1b60-47c9-9dfd-5d12e2cb542d
사람인,주식회사 블렌디크,바바코 뷰티 해외 이커머스 MD,help@saramin.co.kr,https://www.saramin.co.kr/zf_user/jobs/relay/view?view_type=search&rec_idx=54167893&location=ts&searchword=%ED%81%90%ED%85%90&searchType=search&paid_fl=n&search_uuid=a24df5a6-1b60-47c9-9dfd-5d12e2cb542d
사람인,(주)브이티코스메틱,[VT코스메틱/리들샷] 일본EC 아마존 MD,help@saramin.co.kr,https://www.saramin.co.kr/zf_user/jobs/relay/view?view_type=search&rec_idx=54259568&location=ts&searchword=%ED%81%90%ED%85%90&searchType=search&paid_fl=n&search_uuid=a24df5a6-1b60-47c9-9dfd-5d12e2cb542d
사람인,(주)360퍼스펙티브,[화장품/헤어/바디 4.5일제]몽디에스 일본 영업마케팅 경력 채용,job@thefounders.kr,https://www.saramin.co.kr/zf_user/jobs/relay/view?view_type=search&rec_idx=53982649&location=ts&searchword=%ED%81%90%ED%85%90&searchType=search&paid_fl=n&search_uuid=a24df5a6-1b60-47c9-9dfd-5d12e2cb542d
사람인,(주)이즈앤트리,[이즈앤트리] 글로벌플랫폼(e커머스) 팀장급,help@saramin.co.kr,https://www.saramin.co.kr/zf_user/jobs/relay/view?view_type=search&rec_idx=54174229&location=ts&searchword=%ED%81%90%ED%85%90&searchType=search&paid_fl=n&search_uuid=a24df5a6-1b60-47c9-9dfd-5d12e2cb542d
사람인,(주)디에스네이처,[커머스 MD 채용] 건강식품 브랜드 달심,help@saramin.co.kr,https://www.saramin.co.kr/zf_user/jobs/relay/view?view_type=search&rec_idx=54037655&location=ts&searchword=%ED%81%90%ED%85%90&searchType=search&paid_fl=n&search_uuid=a24df5a6-1b60-47c9-9dfd-5d12e2cb542d
사람인,(주)편한가,경력직 주니어 MD 채용,help@saramin.co.kr,https://www.saramin.co.kr/zf_user/jobs/relay/view?view_type=search&rec_idx=54085370&location=ts&searchword=%ED%81%90%ED%85%90&searchType=search&paid_fl=n&search_uuid=a24df5a6-1b60-47c9-9dfd-5d12e2cb542d
사람인,주식회사마인드스낵,이커머스 기획 및 운영 (글로벌 D2C),help@saramin.co.kr,https://www.saramin.co.kr/zf_user/jobs/relay/view?view_type=search&rec_idx=54193059&location=ts&searchword=%ED%81%90%ED%85%90&searchType=search&paid_fl=n&search_uuid=a24df5a6-1b60-47c9-9dfd-5d12e2cb542d
사람인,샵리스트코리아(유),[Shoplist] 일본 대형 플랫폼 K-뷰티 브랜드 매니저(BM) 채용,help@saramin.co.kr,https://www.saramin.co.kr/zf_user/jobs/relay/view?view_type=search&rec_idx=54214928&location=ts&searchword=%ED%81%90%ED%85%90&searchType=search&paid_fl=n&search_uuid=a24df5a6-1b60-47c9-9dfd-5d12e2cb542d
사람인,(주)라이프스타일프로젝트,[LSP] 뷰티 브랜드 미국/유럽 이커머스 MD 채용,help@saramin.co.kr,https://www.saramin.co.kr/zf_user/jobs/relay/view?view_type=search&rec_idx=54260937&location=ts&searchword=%ED%81%90%ED%85%90&searchType=search&paid_fl=n&search_uuid=a24df5a6-1b60-47c9-9dfd-5d12e2cb542d
사람인,(주)사람인에이치에스,[정규직/유명식료품제조업] 일본사업팀(브랜드전략수립) 팀장급,help@saramin.co.kr,https://www.saramin.co.kr/zf_user/jobs/relay/view?view_type=search&rec_idx=53919121&location=ts&searchword=%ED%81%90%ED%85%90&searchType=search&paid_fl=n&search_uuid=a24df5a6-1b60-47c9-9dfd-5d12e2cb542d
사람인,(주)디에스네이처,"웰니스 식품 브랜드 [달심], 커머스 MD 채용",help@saramin.co.kr,https://www.saramin.co.kr/zf_user/jobs/relay/view?view_type=search&rec_idx=54037653&location=ts&searchword=%ED%81%90%ED%85%90&searchType=search&paid_fl=n&search_uuid=a24df5a6-1b60-47c9-9dfd-5d12e2cb542d
사람인,팔로우미코스메틱(주),[로지킴 Losy Kim] 일본 채널 MD,help@saramin.co.kr,https://www.saramin.co.kr/zf_user/jobs/relay/view?view_type=search&rec_idx=54121922&location=ts&searchword=%ED%81%90%ED%85%90&searchType=search&paid_fl=n&search_uuid=a24df5a6-1b60-47c9-9dfd-5d12e2cb542d
사람인,(주)라이프스타일프로젝트,[LSP] 뷰티/건기식 브랜드 일본 이커머스 MD 채용,help@saramin.co.kr,https://www.saramin.co.kr/zf_user/jobs/relay/view?view_type=search&rec_idx=54260924&location=ts&searchword=%ED%81%90%ED%85%90&searchType=search&paid_fl=n&search_uuid=a24df5a6-1b60-47c9-9dfd-5d12e2cb542d
사람인,(주)키네틱하우스,[리스키] 화장품 일본 세일즈 MD 팀원 (경력/신입),hr@riskybeauty.com,https://www.saramin.co.kr/zf_user/jobs/relay/view?view_type=search&rec_idx=53964906&location=ts&searchword=%ED%81%90%ED%85%90&searchType=search&paid_fl=n&search_uuid=a24df5a6-1b60-47c9-9dfd-5d12e2cb542d
사람인,위시컴퍼니(주),[위시컴퍼니] 뷰티 브랜드 아마존 MD (경력),help@saramin.co.kr,https://www.saramin.co.kr/zf_user/jobs/relay/view?view_type=search&rec_idx=54022854&location=ts&searchword=%ED%81%90%ED%85%90&searchType=search&paid_fl=n&search_uuid=a24df5a6-1b60-47c9-9dfd-5d12e2cb542d
사람인,(주)메디테라피,[메디테라피] 일본 플랫폼MD,help@saramin.co.kr,https://www.saramin.co.kr/zf_user/jobs/relay/view?view_type=search&rec_idx=54012608&location=ts&searchword=%ED%81%90%ED%85%90&searchType=search&paid_fl=n&search_uuid=a24df5a6-1b60-47c9-9dfd-5d12e2cb542d
사람인,(주)지엘리코퍼레이션,[경력] 가쉬 올리브영 MD,help@saramin.co.kr,https://www.saramin.co.kr/zf_user/jobs/relay/view?view_type=search&rec_idx=53850885&location=ts&searchword=%ED%81%90%ED%85%90&searchType=search&paid_fl=n&search_uuid=a24df5a6-1b60-47c9-9dfd-5d12e2cb542d
사람인,(주)부스트랩,[부스트랩] 뷰티 아마존 MD,recruit@boostlab.kr,https://www.saramin.co.kr/zf_user/jobs/relay/view?view_type=search&rec_idx=54149196&location=ts&searchword=%ED%81%90%ED%85%90&searchType=search&paid_fl=n&search_uuid=a24df5a6-1b60-47c9-9dfd-5d12e2cb542d
사람인,(주)부스트랩,[부스트랩] 미국 MD 리더 (5년 이상),recruit@boostlab.kr,https://www.saramin.co.kr/zf_user/jobs/relay/view?view_type=search&rec_idx=54149294&location=ts&searchword=%ED%81%90%ED%85%90&searchType=search&paid_fl=n&search_uuid=a24df5a6-1b60-47c9-9dfd-5d12e2cb542d
사람인,샵리스트코리아(유),[Shoplist] 일본 대형 플랫폼 K-뷰티 시니어 BM 채용,help@saramin.co.kr,https://www.saramin.co.kr/zf_user/jobs/relay/view?view_type=search&rec_idx=54215719&location=ts&searchword=%ED%81%90%ED%85%90&searchType=search&paid_fl=n&search_uuid=a24df5a6-1b60-47c9-9dfd-5d12e2cb542d
사람인,휴머레인컨설팅,긴급) 일본 이커머스MD - 메이크업 브랜드사 - 최우대,jyhan80@etude.co.kr,https://www.saramin.co.kr/zf_user/jobs/relay/view?view_type=search&rec_idx=54234771&location=ts&searchword=%ED%81%90%ED%85%90&searchType=search&paid_fl=n&search_uuid=a24df5a6-1b60-47c9-9dfd-5d12e2cb542d
사람인,(주)부스트랩,[라비킷/에르고바디] 일본 MD,help@saramin.co.kr,https://www.saramin.co.kr/zf_user/jobs/relay/view?view_type=search&rec_idx=54273011&location=ts&searchword=%ED%81%90%ED%85%90&searchType=search&paid_fl=n&search_uuid=a24df5a6-1b60-47c9-9dfd-5d12e2cb542d
사람인,(주)부스트랩,[부스트랩] 뷰티 일본 MD (비건이펙트/루아페),job@thefounders.kr,https://www.saramin.co.kr/zf_user/jobs/relay/view?view_type=search&rec_idx=54138510&location=ts&searchword=%ED%81%90%ED%85%90&searchType=search&paid_fl=n&search_uuid=a24df5a6-1b60-47c9-9dfd-5d12e2cb542d
사람인,(주)부스트랩,[비건이펙트/루아페] 일본MD,recruit@boostlab.kr,https://www.saramin.co.kr/zf_user/jobs/relay/view?view_type=search&rec_idx=54149152&location=ts&searchword=%ED%81%90%ED%85%90&searchType=search&paid_fl=n&search_uuid=a24df5a6-1b60-47c9-9dfd-5d12e2cb542d
사람인,(주)부스트랩,[라비킷/에르고바디] 일본MD,recruit@boostlab.kr,https://www.saramin.co.kr/zf_user/jobs/relay/view?view_type=search&rec_idx=54149263&location=ts&searchword=%ED%81%90%ED%85%90&searchType=search&paid_fl=n&search_uuid=a24df5a6-1b60-47c9-9dfd-5d12e2cb542d
사람인,프로페셔날핸즈인핸즈코리아(주),"[유명화장품] 일본 MD(라쿠텐,틱톡샵)(1-7년)",sally@prohanzkorea.co.kr,https://www.saramin.co.kr/zf_user/jobs/relay/view?view_type=search&rec_idx=54234171&location=ts&searchword=%ED%81%90%ED%85%90&searchType=search&paid_fl=n&search_uuid=a24df5a6-1b60-47c9-9dfd-5d12e2cb542d
사람인,(주)씨티케이이비전글로벌네트웍스,(주)씨티케이이비전글로벌네트웍스 - 글로벌커머스(GC),help@saramin.co.kr,https://www.saramin.co.kr/zf_user/jobs/relay/view?view_type=search&rec_idx=54059586&location=ts&searchword=%ED%81%90%ED%85%90&searchType=search&paid_fl=n&search_uuid=a24df5a6-1b60-47c9-9dfd-5d12e2cb542d
사람인,(주)베로스컨설팅그룹,해외 이커머스 채널 운영 [중견기업],help@saramin.co.kr,https://www.saramin.co.kr/zf_user/jobs/relay/view?view_type=search&rec_idx=54211347&location=ts&searchword=%ED%81%90%ED%85%90&searchType=search&paid_fl=n&search_uuid=a24df5a6-1b60-47c9-9dfd-5d12e2cb542d
사람인,(주)바이트랩,[글로벌] 북미 릴리이브 아마존 MD(경력),help@saramin.co.kr,https://www.saramin.co.kr/zf_user/jobs/relay/view?view_type=search&rec_idx=54213572&location=ts&searchword=%ED%81%90%ED%85%90&searchType=search&paid_fl=n&search_uuid=a24df5a6-1b60-47c9-9dfd-5d12e2cb542d
사람인,휴머레인컨설팅,긴급) 글로벌 이커머스MD - 글로벌 뷰티사 (급성장중) - 최우대,jamie@humarain.co.kr,https://www.saramin.co.kr/zf_user/jobs/relay/view?view_type=search&rec_idx=54234769&location=ts&searchword=%ED%81%90%ED%85%90&searchType=search&paid_fl=n&search_uuid=a24df5a6-1b60-47c9-9dfd-5d12e2cb542d
사람인,커리어셀파,헬스뷰티 일본사업팀 온라인 MD,lge@saraminhs.co.kr,https://www.saramin.co.kr/zf_user/jobs/relay/view?view_type=search&rec_idx=54200099&location=ts&searchword=%ED%81%90%ED%85%90&searchType=search&paid_fl=n&search_uuid=a24df5a6-1b60-47c9-9dfd-5d12e2cb542d
사람인,(주)메타써치,[화장품/건기식M] 해외 온라인 AMD,help@saramin.co.kr,https://www.saramin.co.kr/zf_user/jobs/relay/view?view_type=search&rec_idx=54204214&location=ts&searchword=%ED%81%90%ED%85%90&searchType=search&paid_fl=n&search_uuid=6192c8e9-ce72-4138-a639-60650fbf119d
사람인,커리어셀파,고성장 헬스뷰티 일본사업팀 팀장급,help@saramin.co.kr,https://www.saramin.co.kr/zf_user/jobs/relay/view?view_type=search&rec_idx=54200170&location=ts&searchword=%ED%81%90%ED%85%90&searchType=search&paid_fl=n&search_uuid=6192c8e9-ce72-4138-a639-60650fbf119d
사람인,(주)백그라운드,유아 용품 코스닥 상장 중견기업 - 해외 B2B 영업(온라인),help@saramin.co.kr,https://www.saramin.co.kr/zf_user/jobs/relay/view?view_type=search&rec_idx=54234728&location=ts&searchword=%ED%81%90%ED%85%90&searchType=search&paid_fl=n&search_uuid=6192c8e9-ce72-4138-a639-60650fbf119d
사람인,(주)코어피플,[중견기업] 국내 화장품 브랜드 일본 온라인 MD 경력 3년이상,ckh@corepeople.co.kr,https://www.saramin.co.kr/zf_user/jobs/relay/view?view_type=search&rec_idx=54234920&location=ts&searchword=%ED%81%90%ED%85%90&searchType=search&paid_fl=n&search_uuid=6192c8e9-ce72-4138-a639-60650fbf119d
사람인,(주)백그라운드,유아 용품 코스닥 상장 중견기업 - 해외 B2C 영업(온라인),help@saramin.co.kr,https://www.saramin.co.kr/zf_user/jobs/relay/view?view_type=search&rec_idx=54234708&location=ts&searchword=%ED%81%90%ED%85%90&searchType=search&paid_fl=n&search_uuid=6192c8e9-ce72-4138-a639-60650fbf119d
사람인,(주)메타써치,[ 일본MD ],help@saramin.co.kr,https://www.saramin.co.kr/zf_user/jobs/relay/view?view_type=search&rec_idx=54259880&location=ts&searchword=%ED%81%90%ED%85%90&searchType=search&paid_fl=n&search_uuid=6192c8e9-ce72-4138-a639-60650fbf119d
사람인,(주)더파운더즈,온라인 경험(웹) 디자인,job@thefounders.kr,https://www.saramin.co.kr/zf_user/jobs/relay/view?view_type=search&rec_idx=54147919&location=ts&searchword=%ED%81%90%ED%85%90&searchType=search&paid_fl=n&search_uuid=6192c8e9-ce72-4138-a639-60650fbf119d
사람인,(주)사람인에이치에스,[가산/일본어必/외국인가능] 글로벌 이커머스 담당자 채용,syh@saraminhs.co.kr,https://www.saramin.co.kr/zf_user/jobs/relay/view?view_type=search&rec_idx=54245547&location=ts&searchword=%ED%81%90%ED%85%90&searchType=search&paid_fl=n&search_uuid=6192c8e9-ce72-4138-a639-60650fbf119d
사람인,(주)마르시끄,"[뷰티브랜드/마르시끄] 일본 매니저 (채널운영, 마케팅)",help@saramin.co.kr,https://www.saramin.co.kr/zf_user/jobs/relay/view?view_type=search&rec_idx=54256449&location=ts&searchword=%ED%81%90%ED%85%90&searchType=search&paid_fl=n&search_uuid=6192c8e9-ce72-4138-a639-60650fbf119d
사람인,(주)한터글로벌,(주)한터글로벌 후즈팬스토어 K-POP 앨범&MD 해외영업 및 수출,help@saramin.co.kr,https://www.saramin.co.kr/zf_user/jobs/relay/view?view_type=search&rec_idx=54132162&location=ts&searchword=%ED%81%90%ED%85%90&searchType=search&paid_fl=n&search_uuid=6192c8e9-ce72-4138-a639-60650fbf119d
사람인,모아씨앤씨(주),[모아씨앤씨] 강남 일본 전략마케팅 파트원 채용(비자지원가능),help@saramin.co.kr,https://www.saramin.co.kr/zf_user/jobs/relay/view?view_type=search&rec_idx=54112239&location=ts&searchword=%ED%81%90%ED%85%90&searchType=search&paid_fl=n&search_uuid=6192c8e9-ce72-4138-a639-60650fbf119d
사람인,(주)케이타운포유,[Ktown4u] 글로벌 오픈마켓 운영 담당자 채용,help@saramin.co.kr,https://www.saramin.co.kr/zf_user/jobs/relay/view?view_type=search&rec_idx=54143566&location=ts&searchword=%ED%81%90%ED%85%90&searchType=search&paid_fl=n&search_uuid=6192c8e9-ce72-4138-a639-60650fbf119d
사람인,(주)베스트이노베이션,[경력] 일본사업본부 그로스팀 채용,help@saramin.co.kr,https://www.saramin.co.kr/zf_user/jobs/relay/view?view_type=search&rec_idx=53760549&location=ts&searchword=%ED%81%90%ED%85%90&searchType=search&paid_fl=n&search_uuid=6192c8e9-ce72-4138-a639-60650fbf119d
사람인,(주)디엔코스메틱스,[이지듀] 일본 온라인 마케팅 팀원 채용,help@saramin.co.kr,https://www.saramin.co.kr/zf_user/jobs/relay/view?view_type=search&rec_idx=54015626&location=ts&searchword=%ED%81%90%ED%85%90&searchType=search&paid_fl=n&search_uuid=6192c8e9-ce72-4138-a639-60650fbf119d
사람인,(주)라이프스타일프로젝트,[LSP] SCM 부문별 채용,help@saramin.co.kr,https://www.saramin.co.kr/zf_user/jobs/relay/view?view_type=search&rec_idx=54017288&location=ts&searchword=%ED%81%90%ED%85%90&searchType=search&paid_fl=n&search_uuid=6192c8e9-ce72-4138-a639-60650fbf119d
사람인,(주)브이티코스메틱,[VT코스메틱/리들샷] 물류관리 경력직 채용,help@saramin.co.kr,https://www.saramin.co.kr/zf_user/jobs/relay/view?view_type=search&rec_idx=54229175&location=ts&searchword=%ED%81%90%ED%85%90&searchType=search&paid_fl=n&search_uuid=6192c8e9-ce72-4138-a639-60650fbf119d
사람인,알엘에이피(주),화장품 스킨케어 브랜드 로벡틴 상품기획 BM 경력직,help@saramin.co.kr,https://www.saramin.co.kr/zf_user/jobs/relay/view?view_type=search&rec_idx=53879276&location=ts&searchword=%ED%81%90%ED%85%90&searchType=search&paid_fl=n&search_uuid=6192c8e9-ce72-4138-a639-60650fbf119d
사람인,(주)아렌시아,B2B 해외영업,help@saramin.co.kr,https://www.saramin.co.kr/zf_user/jobs/relay/view?view_type=search&rec_idx=53996891&location=ts&searchword=%ED%81%90%ED%85%90&searchType=search&paid_fl=n&search_uuid=6192c8e9-ce72-4138-a639-60650fbf119d
사람인,(주)브이티코스메틱,[VT코스메틱/리들샷] 화장품 인허가(RA),help@saramin.co.kr,https://www.saramin.co.kr/zf_user/jobs/relay/view?view_type=search&rec_idx=54229163&location=ts&searchword=%ED%81%90%ED%85%90&searchType=search&paid_fl=n&search_uuid=6192c8e9-ce72-4138-a639-60650fbf119d
사람인,(주)브이티코스메틱,[VT코스메틱/리들샷] 틱톡샵 북미 마케터 채용,help@saramin.co.kr,https://www.saramin.co.kr/zf_user/jobs/relay/view?view_type=search&rec_idx=54230883&location=ts&searchword=%ED%81%90%ED%85%90&searchType=search&paid_fl=n&search_uuid=6192c8e9-ce72-4138-a639-60650fbf119d
사람인,위시컴퍼니(주),"[위시컴퍼니] 뷰티 브랜드 해외영업 - 유럽,러시아,AP B2B(경력)",help@saramin.co.kr,https://www.saramin.co.kr/zf_user/jobs/relay/view?view_type=search&rec_idx=54256353&location=ts&searchword=%ED%81%90%ED%85%90&searchType=search&paid_fl=n&search_uuid=6192c8e9-ce72-4138-a639-60650fbf119d
사람인,(주)에이원비앤에이치,[미국 올리브영] 해외 영업 담당자 채용,help@saramin.co.kr,https://www.saramin.co.kr/zf_user/jobs/relay/view?view_type=search&rec_idx=53789867&location=ts&searchword=%ED%81%90%ED%85%90&searchType=search&paid_fl=n&search_uuid=6192c8e9-ce72-4138-a639-60650fbf119d
사람인,(주)브이티코스메틱,[VT코스메틱/리들샷/글로벌] 해외영업 채용,help@saramin.co.kr,https://www.saramin.co.kr/zf_user/jobs/relay/view?view_type=search&rec_idx=54229243&location=ts&searchword=%ED%81%90%ED%85%90&searchType=search&paid_fl=n&search_uuid=6192c8e9-ce72-4138-a639-60650fbf119d
사람인,(주)브이티코스메틱,[VT코스메틱/리들샷/글로벌] 해외영업(동남아) 채용,help@saramin.co.kr,https://www.saramin.co.kr/zf_user/jobs/relay/view?view_type=search&rec_idx=54229234&location=ts&searchword=%ED%81%90%ED%85%90&searchType=search&paid_fl=n&search_uuid=6192c8e9-ce72-4138-a639-60650fbf119d
사람인,(주)브이티코스메틱,[VT코스메틱/리들샷] 해외영업(미주유럽),help@saramin.co.kr,https://www.saramin.co.kr/zf_user/jobs/relay/view?view_type=search&rec_idx=54259628&location=ts&searchword=%ED%81%90%ED%85%90&searchType=search&paid_fl=n&search_uuid=6192c8e9-ce72-4138-a639-60650fbf119d
사람인,(주)피츠,[뷰티/상품기획] 블랑네이처 상품기획 담당 모집합니다.,help@saramin.co.kr,https://www.saramin.co.kr/zf_user/jobs/relay/view?view_type=search&rec_idx=53776642&location=ts&searchword=%ED%81%90%ED%85%90&searchType=search&paid_fl=n&search_uuid=6192c8e9-ce72-4138-a639-60650fbf119d
사람인,위시컴퍼니(주),[위시컴퍼니] 뷰티 브랜드 영업 및 수출지원 (경력무관),help@saramin.co.kr,https://www.saramin.co.kr/zf_user/jobs/relay/view?view_type=search&rec_idx=54143829&location=ts&searchword=%ED%81%90%ED%85%90&searchType=search&paid_fl=n&search_uuid=6192c8e9-ce72-4138-a639-60650fbf119d
사람인,(주)지엘리코퍼레이션,[경력] 가쉬 글로벌파트 담당자,help@saramin.co.kr,https://www.saramin.co.kr/zf_user/jobs/relay/view?view_type=search&rec_idx=54206059&location=ts&searchword=%ED%81%90%ED%85%90&searchType=search&paid_fl=n&search_uuid=6192c8e9-ce72-4138-a639-60650fbf119d
사람인,위시컴퍼니(주),[위시컴퍼니] 뷰티 브랜드 글로벌 해외영업 (경력),help@saramin.co.kr,https://www.saramin.co.kr/zf_user/jobs/relay/view?view_type=search&rec_idx=54044768&location=ts&searchword=%ED%81%90%ED%85%90&searchType=search&paid_fl=n&search_uuid=6192c8e9-ce72-4138-a639-60650fbf119d
사람인,(주)라이프스타일프로젝트,[LSP] 뷰티/건기식 상품기획 및 제조담당(R&D) 모집,handok-hr@handok.com,https://www.saramin.co.kr/zf_user/jobs/relay/view?view_type=search&rec_idx=54104574&location=ts&searchword=%ED%81%90%ED%85%90&searchType=search&paid_fl=n&search_uuid=6192c8e9-ce72-4138-a639-60650fbf119d
사람인,(주)바이잇,[Luvum] 글로벌 뷰티 브랜드사 글로벌B2B 경력직 채용,help@saramin.co.kr,https://www.saramin.co.kr/zf_user/jobs/relay/view?view_type=search&rec_idx=54214685&location=ts&searchword=%ED%81%90%ED%85%90&searchType=search&paid_fl=n&search_uuid=6192c8e9-ce72-4138-a639-60650fbf119d
사람인,(주)코스알엑스,[(주)코스알엑스] 일본 온라인 MD (경력),help@saramin.co.kr,https://www.saramin.co.kr/zf_user/jobs/relay/view?view_type=search&rec_idx=54174372&location=ts&searchword=%ED%81%90%ED%85%90&searchType=search&paid_fl=n&search_uuid=6192c8e9-ce72-4138-a639-60650fbf119d
사람인,(주)더엑시스,웰니스 브랜드 매니저 채용 (인플루언서 관리 / 물류 / 제품개발,help@saramin.co.kr,https://www.saramin.co.kr/zf_user/jobs/relay/view?view_type=search&rec_idx=54187951&location=ts&searchword=%ED%81%90%ED%85%90&searchType=search&paid_fl=n&search_uuid=6192c8e9-ce72-4138-a639-60650fbf119d
사람인,(주)제로투세븐,"(주)제로투세븐 궁중비책 해외영업(B2B,B2C) 경력직 모집",help@saramin.co.kr,https://www.saramin.co.kr/zf_user/jobs/relay/view?view_type=search&rec_idx=54203974&location=ts&searchword=%ED%81%90%ED%85%90&searchType=search&paid_fl=n&search_uuid=6192c8e9-ce72-4138-a639-60650fbf119d
사람인,(주)에이원비앤에이치,드럭스토어 채널 상품관리·운영 MD / 내근 / 정규직 채용,help@saramin.co.kr,https://www.saramin.co.kr/zf_user/jobs/relay/view?view_type=search&rec_idx=53991345&location=ts&searchword=%ED%81%90%ED%85%90&searchType=search&paid_fl=n&search_uuid=6192c8e9-ce72-4138-a639-60650fbf119d
사람인,(주)피츠,[뷰티/국내 영업] 블랑네이처 영업 담당 모집 중,help@saramin.co.kr,https://www.saramin.co.kr/zf_user/jobs/relay/view?view_type=search&rec_idx=54118016&location=ts&searchword=%ED%81%90%ED%85%90&searchType=search&paid_fl=n&search_uuid=6192c8e9-ce72-4138-a639-60650fbf119d
사람인,파워에이치알,[ 중견기업 ] 화장품 브랜드매니저(BM),green@powerhr.co.kr,https://www.saramin.co.kr/zf_user/jobs/relay/view?view_type=search&rec_idx=54273301&location=ts&searchword=%ED%81%90%ED%85%90&searchType=search&paid_fl=n&search_uuid=6192c8e9-ce72-4138-a639-60650fbf119d
사람인,(주)부스트랩,[라비킷/에르고바디] 웹디자이너 (경력 3년 이상),help@saramin.co.kr,https://www.saramin.co.kr/zf_user/jobs/relay/view?view_type=search&rec_idx=53964779&location=ts&searchword=%ED%81%90%ED%85%90&searchType=search&paid_fl=n&search_uuid=6192c8e9-ce72-4138-a639-60650fbf119d
사람인,(주)매그니프,[화장품] 메이크프렘 일본 이커머스 MD 채용,sally@prohanzkorea.co.kr,https://www.saramin.co.kr/zf_user/jobs/relay/view?view_type=search&rec_idx=53998326&location=ts&searchword=%ED%81%90%ED%85%90&searchType=search&paid_fl=n&search_uuid=6192c8e9-ce72-4138-a639-60650fbf119d
사람인,(주)매그니프,[화장품] 메이크프렘 글로벌 영업 팀장 채용,help@saramin.co.kr,https://www.saramin.co.kr/zf_user/jobs/relay/view?view_type=search&rec_idx=53820474&location=ts&searchword=%ED%81%90%ED%85%90&searchType=search&paid_fl=n&search_uuid=6192c8e9-ce72-4138-a639-60650fbf119d
사람인,(주)부스트랩,[부스트랩] 뷰티 상품기획자(비건이펙트/루아페/베라펙트),help@saramin.co.kr,https://www.saramin.co.kr/zf_user/jobs/relay/view?view_type=search&rec_idx=54160982&location=ts&searchword=%ED%81%90%ED%85%90&searchType=search&paid_fl=n&search_uuid=cfcd95c5-d509-4736-96db-e50f64a65477
사람인,(주)매그니프,[화장품] 메이크프렘 일본 이커머스 MD 채용,help@saramin.co.kr,https://www.saramin.co.kr/zf_user/jobs/relay/view?view_type=search&rec_idx=53998326&location=ts&searchword=%ED%81%90%ED%85%90&searchType=search&paid_fl=n&search_uuid=cfcd95c5-d509-4736-96db-e50f64a65477
사람인,(주)매그니프,[화장품] 메이크프렘 글로벌 영업 팀장 채용,help@saramin.co.kr,https://www.saramin.co.kr/zf_user/jobs/relay/view?view_type=search&rec_idx=53820474&location=ts&searchword=%ED%81%90%ED%85%90&searchType=search&paid_fl=n&search_uuid=cfcd95c5-d509-4736-96db-e50f64a65477
사람인,(주)아렌시아,글로벌 퍼포먼스 마케터,help@saramin.co.kr,https://www.saramin.co.kr/zf_user/jobs/relay/view?view_type=search&rec_idx=54119095&location=ts&searchword=%ED%81%90%ED%85%90&searchType=search&paid_fl=n&search_uuid=cfcd95c5-d509-4736-96db-e50f64a65477
사람인,(주)아렌시아,북미 퍼포먼스 마케터,help@saramin.co.kr,https://www.saramin.co.kr/zf_user/jobs/relay/view?view_type=search&rec_idx=54118998&location=ts&searchword=%ED%81%90%ED%85%90&searchType=search&paid_fl=n&search_uuid=cfcd95c5-d509-4736-96db-e50f64a65477
사람인,(주)지니어스,[인하우스/라이징스킨케어브랜드] 해외 B2C 영업·이커머스 총괄,job@thefounders.kr,https://www.saramin.co.kr/zf_user/jobs/relay/view?view_type=search&rec_idx=54135232&location=ts&searchword=%ED%81%90%ED%85%90&searchType=search&paid_fl=n&search_uuid=cfcd95c5-d509-4736-96db-e50f64a65477
사람인,(주)HR컨설팅그룹,"[대형 뷰티 브랜드] 중국영업- 총판, 면세 (9년 이상~)",job@thefounders.kr,https://www.saramin.co.kr/zf_user/jobs/relay/view?view_type=search&rec_idx=54130205&location=ts&searchword=%ED%81%90%ED%85%90&searchType=search&paid_fl=n&search_uuid=cfcd95c5-d509-4736-96db-e50f64a65477
사람인,㈜벤처피플,국내 화장품 브랜드 해외영업,help@saramin.co.kr,https://www.saramin.co.kr/zf_user/jobs/relay/view?view_type=search&rec_idx=54261277&location=ts&searchword=%ED%81%90%ED%85%90&searchType=search&paid_fl=n&search_uuid=cfcd95c5-d509-4736-96db-e50f64a65477
사람인,(주)씨티케이이비전글로벌네트웍스,(주)씨티케이이비전글로벌네트웍스 - 글로벌커머스(GC),help@saramin.co.kr,https://www.saramin.co.kr/zf_user/jobs/relay/view?view_type=search&rec_idx=54059586&location=ts&searchword=%ED%81%90%ED%85%90&searchType=search&paid_fl=n&search_uuid=cfcd95c5-d509-4736-96db-e50f64a65477
사람인,(주)HR컨설팅그룹,[대형 뷰티 브랜드] 해외영업 동남아 파트장 (8년 이상~),help@saramin.co.kr,https://www.saramin.co.kr/zf_user/jobs/relay/view?view_type=search&rec_idx=54130196&location=ts&searchword=%ED%81%90%ED%85%90&searchType=search&paid_fl=n&search_uuid=cfcd95c5-d509-4736-96db-e50f64a65477
사람인,(주)HR컨설팅그룹,[대형 뷰티 브랜드] 상품기획 (과장급),help@saramin.co.kr,https://www.saramin.co.kr/zf_user/jobs/relay/view?view_type=search&rec_idx=54130220&location=ts&searchword=%ED%81%90%ED%85%90&searchType=search&paid_fl=n&search_uuid=cfcd95c5-d509-4736-96db-e50f64a65477
사람인,(주)탑앤스카우트,[서울/화장품 브랜드] 일본 온·오프라인 영업,sylee@topnscout.com,https://www.saramin.co.kr/zf_user/jobs/relay/view?view_type=search&rec_idx=54142927&location=ts&searchword=%ED%81%90%ED%85%90&searchType=search&paid_fl=n&search_uuid=cfcd95c5-d509-4736-96db-e50f64a65477
사람인,(주)조인스에이치알코리아,화장품 브랜드 일본EC MD 경력 채용,help@saramin.co.kr,https://www.saramin.co.kr/zf_user/jobs/relay/view?view_type=search&rec_idx=54177996&location=ts&searchword=%ED%81%90%ED%85%90&searchType=search&paid_fl=n&search_uuid=cfcd95c5-d509-4736-96db-e50f64a65477
사람인,코리아써치,글로벌 뷰티 감도를 제품으로 바꾸는 상품기획,help@saramin.co.kr,https://www.saramin.co.kr/zf_user/jobs/relay/view?view_type=search&rec_idx=54261285&location=ts&searchword=%ED%81%90%ED%85%90&searchType=search&paid_fl=n&search_uuid=cfcd95c5-d509-4736-96db-e50f64a65477
사람인,(주)라이프스타일프로젝트,[LSP] 인사총무팀 부문별 채용,help@saramin.co.kr,https://www.saramin.co.kr/zf_user/jobs/relay/view?view_type=search&rec_idx=53781644&location=ts&searchword=%ED%81%90%ED%85%90&searchType=search&paid_fl=n&search_uuid=cfcd95c5-d509-4736-96db-e50f64a65477
사람인,컨티뉴엄파트너스(주),해외사업팀 경력직 채용,help@saramin.co.kr,https://www.saramin.co.kr/zf_user/jobs/relay/view?view_type=search&rec_idx=54054409&location=ts&searchword=%ED%81%90%ED%85%90&searchType=search&paid_fl=n&search_uuid=cfcd95c5-d509-4736-96db-e50f64a65477
사람인,주식회사 청담글로벌,[코스닥상장사](주)청담글로벌 26년도 수시채용(신입/경력),help@saramin.co.kr,https://www.saramin.co.kr/zf_user/jobs/relay/view?view_type=search&rec_idx=53792895&location=ts&searchword=%ED%81%90%ED%85%90&searchType=search&paid_fl=n&search_uuid=cfcd95c5-d509-4736-96db-e50f64a65477
사람인,(주)라이프스타일프로젝트,[LSP] IT개발팀 부문별 담당자 모집,help@saramin.co.kr,https://www.saramin.co.kr/zf_user/jobs/relay/view?view_type=search&rec_idx=54132432&location=ts&searchword=%ED%81%90%ED%85%90&searchType=search&paid_fl=n&search_uuid=cfcd95c5-d509-4736-96db-e50f64a65477
사람인,(주)피츠,[뷰티/재무회계] 블랑네이처 재무회계 모집 중,help@saramin.co.kr,https://www.saramin.co.kr/zf_user/jobs/relay/view?view_type=search&rec_idx=54230963&location=ts&searchword=%ED%81%90%ED%85%90&searchType=search&paid_fl=n&search_uuid=cfcd95c5-d509-4736-96db-e50f64a65477
사람인,(주)아렌시아,해외영업·수출관리,help@saramin.co.kr,https://www.saramin.co.kr/zf_user/jobs/relay/view?view_type=search&rec_idx=54217824&location=ts&searchword=%ED%81%90%ED%85%90&searchType=search&paid_fl=n&search_uuid=cfcd95c5-d509-4736-96db-e50f64a65477
사람인,(주)아렌시아,국내 콘텐츠 마케터,help@saramin.co.kr,https://www.saramin.co.kr/zf_user/jobs/relay/view?view_type=search&rec_idx=54260080&location=ts&searchword=%ED%81%90%ED%85%90&searchType=search&paid_fl=n&search_uuid=cfcd95c5-d509-4736-96db-e50f64a65477
사람인,(주)와이어트,물류 팀장,help@saramin.co.kr,https://www.saramin.co.kr/zf_user/jobs/relay/view?view_type=search&rec_idx=54214424&location=ts&searchword=%ED%81%90%ED%85%90&searchType=search&paid_fl=n&search_uuid=cfcd95c5-d509-4736-96db-e50f64a65477
사람인,(주)라이프스타일프로젝트,[LSP] 화장품 품질관리 담당자(QC/QA) 모집,help@saramin.co.kr,https://www.saramin.co.kr/zf_user/jobs/relay/view?view_type=search&rec_idx=53776377&location=ts&searchword=%ED%81%90%ED%85%90&searchType=search&paid_fl=n&search_uuid=cfcd95c5-d509-4736-96db-e50f64a65477
사람인,(주)라이프스타일프로젝트,[LSP] 디자이너 부문별 모집 (패키지 · 웹),help@saramin.co.kr,https://www.saramin.co.kr/zf_user/jobs/relay/view?view_type=search&rec_idx=53854518&location=ts&searchword=%ED%81%90%ED%85%90&searchType=search&paid_fl=n&search_uuid=cfcd95c5-d509-4736-96db-e50f64a65477
사람인,(주)퍼셀,[PURCELL] 경영지원 담당자,help@saramin.co.kr,https://www.saramin.co.kr/zf_user/jobs/relay/view?view_type=search&rec_idx=54054447&location=ts&searchword=%ED%81%90%ED%85%90&searchType=search&paid_fl=n&search_uuid=cfcd95c5-d509-4736-96db-e50f64a65477
사람인,(주)와이어트,해외 물류 운영 담당자,help@saramin.co.kr,https://www.saramin.co.kr/zf_user/jobs/relay/view?view_type=search&rec_idx=54180414&location=ts&searchword=%ED%81%90%ED%85%90&searchType=search&paid_fl=n&search_uuid=cfcd95c5-d509-4736-96db-e50f64a65477
사람인,(주)피츠,[뷰티 / 디자이너] 블랑네이처 디자이너 모집 중,help@saramin.co.kr,https://www.saramin.co.kr/zf_user/jobs/relay/view?view_type=search&rec_idx=54230975&location=ts&searchword=%ED%81%90%ED%85%90&searchType=search&paid_fl=n&search_uuid=cfcd95c5-d509-4736-96db-e50f64a65477
사람인,(주)더엑시스,웰니스/뷰티 브랜드 콘텐츠 마케터,help@saramin.co.kr,https://www.saramin.co.kr/zf_user/jobs/relay/view?view_type=search&rec_idx=54188017&location=ts&searchword=%ED%81%90%ED%85%90&searchType=search&paid_fl=n&search_uuid=cfcd95c5-d509-4736-96db-e50f64a65477
사람인,(주)아렌시아,국내 퍼포먼스 마케터,help@saramin.co.kr,https://www.saramin.co.kr/zf_user/jobs/relay/view?view_type=search&rec_idx=54260042&location=ts&searchword=%ED%81%90%ED%85%90&searchType=search&paid_fl=n&search_uuid=cfcd95c5-d509-4736-96db-e50f64a65477
사람인,(주)버디네트웍스,[듀이셀 화장품] 해외영업본부 발주&수출 Manager,help@saramin.co.kr,https://www.saramin.co.kr/zf_user/jobs/relay/view?view_type=search&rec_idx=54078070&location=ts&searchword=%ED%81%90%ED%85%90&searchType=search&paid_fl=n&search_uuid=cfcd95c5-d509-4736-96db-e50f64a65477
사람인,(주)올리브인터내셔널,[밀크터치] 글로벌 SNS 콘텐츠 마케팅 인턴 (채용연계형),help@saramin.co.kr,https://www.saramin.co.kr/zf_user/jobs/relay/view?view_type=search&rec_idx=53750979&location=ts&searchword=%ED%81%90%ED%85%90&searchType=search&paid_fl=n&search_uuid=cfcd95c5-d509-4736-96db-e50f64a65477
사람인,주식회사 서울글로벌마케팅,"중국 공장 핸들링, 소싱, 생산관리, 무역 행정 담당자 채용",help@saramin.co.kr,https://www.saramin.co.kr/zf_user/jobs/relay/view?view_type=search&rec_idx=54084847&location=ts&searchword=%ED%81%90%ED%85%90&searchType=search&paid_fl=n&search_uuid=cfcd95c5-d509-4736-96db-e50f64a65477
사람인,(주)셀로라,[뷰티 브랜드] 콘텐츠 마케터 채용 (신입 가능),help@saramin.co.kr,https://www.saramin.co.kr/zf_user/jobs/relay/view?view_type=search&rec_idx=54161538&location=ts&searchword=%ED%81%90%ED%85%90&searchType=search&paid_fl=n&search_uuid=cfcd95c5-d509-4736-96db-e50f64a65477
사람인,(주)케이타운포유,[Ktown4u] 일본 이커머스 마케팅 매니저 채용,help@saramin.co.kr,https://www.saramin.co.kr/zf_user/jobs/relay/view?view_type=search&rec_idx=54143650&location=ts&searchword=%ED%81%90%ED%85%90&searchType=search&paid_fl=n&search_uuid=cfcd95c5-d509-4736-96db-e50f64a65477
사람인,(주)이즈앤트리,인플루언서 마케터(인턴) 주35시간 재택(국내or일본),help@saramin.co.kr,https://www.saramin.co.kr/zf_user/jobs/relay/view?view_type=search&rec_idx=53930860&location=ts&searchword=%ED%81%90%ED%85%90&searchType=search&paid_fl=n&search_uuid=cfcd95c5-d509-4736-96db-e50f64a65477
사람인,(주)리브,[서울][경력][해외 이커머스] 해외 물류 운영,help@saramin.co.kr,https://www.saramin.co.kr/zf_user/jobs/relay/view?view_type=search&rec_idx=54150936&location=ts&searchword=%ED%81%90%ED%85%90&searchType=search&paid_fl=n&search_uuid=cfcd95c5-d509-4736-96db-e50f64a65477
사람인,(주)부스터스,일본 채널 Lead,hr@boosters.kr,https://www.saramin.co.kr/zf_user/jobs/relay/view?view_type=search&rec_idx=54265960&location=ts&searchword=%ED%81%90%ED%85%90&searchType=search&paid_fl=n&search_uuid=cfcd95c5-d509-4736-96db-e50f64a65477
사람인,모아씨앤씨(주),[모아씨앤씨] AI사업부 팀원 AI Agent Engineer 채용,hyeyeon.jeong@enerzai.com,https://www.saramin.co.kr/zf_user/jobs/relay/view?view_type=search&rec_idx=54110430&location=ts&searchword=%ED%81%90%ED%85%90&searchType=search&paid_fl=n&search_uuid=cfcd95c5-d509-4736-96db-e50f64a65477
사람인,(주)백그라운드,[코스닥 상장 중견기업] 해외 B2B 영업,help@saramin.co.kr,https://www.saramin.co.kr/zf_user/jobs/relay/view?view_type=search&rec_idx=54265855&location=ts&searchword=%ED%81%90%ED%85%90&searchType=search&paid_fl=n&search_uuid=cfcd95c5-d509-4736-96db-e50f64a65477
사람인,(주)라이프스타일프로젝트,[LSP] 글로벌 뷰티 및 약국 브랜드 마케팅팀 채용,help@saramin.co.kr,https://www.saramin.co.kr/zf_user/jobs/relay/view?view_type=search&rec_idx=53781638&location=ts&searchword=%ED%81%90%ED%85%90&searchType=search&paid_fl=n&search_uuid=cfcd95c5-d509-4736-96db-e50f64a65477
사람인,(주)아렌시아,글로벌 콘텐츠 마케터,help@saramin.co.kr,https://www.saramin.co.kr/zf_user/jobs/relay/view?view_type=search&rec_idx=54119035&location=ts&searchword=%ED%81%90%ED%85%90&searchType=search&paid_fl=n&search_uuid=1ec0869b-d764-4591-b54a-13718682734f
사람인,(주)바이트랩,[글로벌] 일본 릴리이브 SNS 마케터(체험형 인턴),help@saramin.co.kr,https://www.saramin.co.kr/zf_user/jobs/relay/view?view_type=search&rec_idx=54270046&location=ts&searchword=%ED%81%90%ED%85%90&searchType=search&paid_fl=n&search_uuid=1ec0869b-d764-4591-b54a-13718682734f
사람인,위시컴퍼니(주),[위시컴퍼니] 뷰티 브랜드 비주얼 디자인 (경력),help@saramin.co.kr,https://www.saramin.co.kr/zf_user/jobs/relay/view?view_type=search&rec_idx=54044505&location=ts&searchword=%ED%81%90%ED%85%90&searchType=search&paid_fl=n&search_uuid=1ec0869b-d764-4591-b54a-13718682734f
사람인,프로페셔날핸즈인핸즈코리아(주),[K뷰티 대표화장품] 화장품 웹디자인 (5~15년),sally@prohanzkorea.co.kr,https://www.saramin.co.kr/zf_user/jobs/relay/view?view_type=search&rec_idx=54168968&location=ts&searchword=%ED%81%90%ED%85%90&searchType=search&paid_fl=n&search_uuid=1ec0869b-d764-4591-b54a-13718682734f
사람인,(주)허밍아비스,[STEAMBASE] 퍼포먼스 마케팅 및 해외영업 경력직 채용 (서울),help@saramin.co.kr,https://www.saramin.co.kr/zf_user/jobs/relay/view?view_type=search&rec_idx=54258294&location=ts&searchword=%ED%81%90%ED%85%90&searchType=search&paid_fl=n&search_uuid=1ec0869b-d764-4591-b54a-13718682734f
사람인,(주)피츠,[뷰티/마케팅] 올영1위 블랑네이처 국내 마케팅 팀장 모집 중,help@saramin.co.kr,https://www.saramin.co.kr/zf_user/jobs/relay/view?view_type=search&rec_idx=53917725&location=ts&searchword=%ED%81%90%ED%85%90&searchType=search&paid_fl=n&search_uuid=1ec0869b-d764-4591-b54a-13718682734f
사람인,(주)피츠,[뷰티/미국 마케팅] 블랑네이처 미국 콘텐츠 마케터 인턴 모집중,help@saramin.co.kr,https://www.saramin.co.kr/zf_user/jobs/relay/view?view_type=search&rec_idx=54063142&location=ts&searchword=%ED%81%90%ED%85%90&searchType=search&paid_fl=n&search_uuid=1ec0869b-d764-4591-b54a-13718682734f
사람인,(주)이즈앤트리,[이즈앤트리] 중국팀 마케터 (대리급),help@saramin.co.kr,https://www.saramin.co.kr/zf_user/jobs/relay/view?view_type=search&rec_idx=54189167&location=ts&searchword=%ED%81%90%ED%85%90&searchType=search&paid_fl=n&search_uuid=1ec0869b-d764-4591-b54a-13718682734f
사람인,에코디엠랩(주),[주 4.5일제 기업]마케팅본부 일본영업 및 마케팅담당 경력 채용,help@saramin.co.kr,https://www.saramin.co.kr/zf_user/jobs/relay/view?view_type=search&rec_idx=53826934&location=ts&searchword=%ED%81%90%ED%85%90&searchType=search&paid_fl=n&search_uuid=1ec0869b-d764-4591-b54a-13718682734f
사람인,(주)이즈앤트리,[이즈앤트리] 코스메틱 브랜드 글로벌마케터,help@saramin.co.kr,https://www.saramin.co.kr/zf_user/jobs/relay/view?view_type=search&rec_idx=53905374&location=ts&searchword=%ED%81%90%ED%85%90&searchType=search&paid_fl=n&search_uuid=1ec0869b-d764-4591-b54a-13718682734f
사람인,(주)글로벌스카우트,글로벌 바이오 그룹 코스메틱 계열사 - 글로벌마케팅팀장,job@thefounders.kr,https://www.saramin.co.kr/zf_user/jobs/relay/view?view_type=search&rec_idx=54267374&location=ts&searchword=%ED%81%90%ED%85%90&searchType=search&paid_fl=n&search_uuid=1ec0869b-d764-4591-b54a-13718682734f
사람인,(주)셀로라,[셀로라바이] 영상 콘텐츠PD 채용 (신입 가능),help@saramin.co.kr,https://www.saramin.co.kr/zf_user/jobs/relay/view?view_type=search&rec_idx=54160366&location=ts&searchword=%ED%81%90%ED%85%90&searchType=search&paid_fl=n&search_uuid=1ec0869b-d764-4591-b54a-13718682734f
사람인,(주)마녀공장,일본 퍼포먼스 마케터,help@saramin.co.kr,https://www.saramin.co.kr/zf_user/jobs/relay/view?view_type=search&rec_idx=54188246&location=ts&searchword=%ED%81%90%ED%85%90&searchType=search&paid_fl=n&search_uuid=1ec0869b-d764-4591-b54a-13718682734f
사람인,(주)아렌시아,일본 퍼포먼스 마케터,help@saramin.co.kr,https://www.saramin.co.kr/zf_user/jobs/relay/view?view_type=search&rec_idx=54217802&location=ts&searchword=%ED%81%90%ED%85%90&searchType=search&paid_fl=n&search_uuid=1ec0869b-d764-4591-b54a-13718682734f
사람인,에이스휴먼파워(주),"해외마케팅팀 경력직(팀장,본부장급) 채용",help@saramin.co.kr,https://www.saramin.co.kr/zf_user/jobs/relay/view?view_type=search&rec_idx=54004827&location=ts&searchword=%ED%81%90%ED%85%90&searchType=search&paid_fl=n&search_uuid=1ec0869b-d764-4591-b54a-13718682734f
사람인,(주)킥더허들,(주)킥더허들 글로벌 마케팅 담당자 채용 (서울 근무),help@saramin.co.kr,https://www.saramin.co.kr/zf_user/jobs/relay/view?view_type=search&rec_idx=54080438&location=ts&searchword=%ED%81%90%ED%85%90&searchType=search&paid_fl=n&search_uuid=1ec0869b-d764-4591-b54a-13718682734f
사람인,(주)라이프스타일프로젝트,[LSP] 글로벌 시딩 및 채널 콘텐츠 마케터 채용,help@saramin.co.kr,https://www.saramin.co.kr/zf_user/jobs/relay/view?view_type=search&rec_idx=54227674&location=ts&searchword=%ED%81%90%ED%85%90&searchType=search&paid_fl=n&search_uuid=1ec0869b-d764-4591-b54a-13718682734f
사람인,(주)더프레임리스,지피엘에서 글로벌 뷰티 퍼포먼스 마케터로 성장해요,help@saramin.co.kr,https://www.saramin.co.kr/zf_user/jobs/relay/view?view_type=search&rec_idx=54183496&location=ts&searchword=%ED%81%90%ED%85%90&searchType=search&paid_fl=n&search_uuid=1ec0869b-d764-4591-b54a-13718682734f
사람인,(주)셀로라,[셀로라바이] 콘텐츠마케터 채용 (신입 가능),help@saramin.co.kr,https://www.saramin.co.kr/zf_user/jobs/relay/view?view_type=search&rec_idx=54160222&location=ts&searchword=%ED%81%90%ED%85%90&searchType=search&paid_fl=n&search_uuid=1ec0869b-d764-4591-b54a-13718682734f
사람인,(주)셀로라,[골드앤디어] 콘텐츠마케터 채용 (신입가능),help@saramin.co.kr,https://www.saramin.co.kr/zf_user/jobs/relay/view?view_type=search&rec_idx=54161151&location=ts&searchword=%ED%81%90%ED%85%90&searchType=search&paid_fl=n&search_uuid=1ec0869b-d764-4591-b54a-13718682734f
사람인,(주)피츠,[뷰티/일본 마케팅] 블랑네이처 일본 인플루언서 마케터 모집 중,help@saramin.co.kr,https://www.saramin.co.kr/zf_user/jobs/relay/view?view_type=search&rec_idx=53738842&location=ts&searchword=%ED%81%90%ED%85%90&searchType=search&paid_fl=n&search_uuid=1ec0869b-d764-4591-b54a-13718682734f
사람인,(주)올리브인터내셔널,[밀크터치] 글로벌 마케팅 팀장,help@saramin.co.kr,https://www.saramin.co.kr/zf_user/jobs/relay/view?view_type=search&rec_idx=53772784&location=ts&searchword=%ED%81%90%ED%85%90&searchType=search&paid_fl=n&search_uuid=1ec0869b-d764-4591-b54a-13718682734f
사람인,(주)이즈앤트리,[이즈앤트리] 국내 퍼포먼스 마케터 (대리급),help@saramin.co.kr,https://www.saramin.co.kr/zf_user/jobs/relay/view?view_type=search&rec_idx=53830073&location=ts&searchword=%ED%81%90%ED%85%90&searchType=search&paid_fl=n&search_uuid=1ec0869b-d764-4591-b54a-13718682734f
사람인,모아씨앤씨(주),[모아씨앤씨] 강남 성형외과 일본 통역 채용(비자가능/남녀무관),help@saramin.co.kr,https://www.saramin.co.kr/zf_user/jobs/relay/view?view_type=search&rec_idx=54110444&location=ts&searchword=%ED%81%90%ED%85%90&searchType=search&paid_fl=n&search_uuid=1ec0869b-d764-4591-b54a-13718682734f
사람인,(주)크레이버코퍼레이션,[SKIN1004] 일본사업팀 퍼포먼스 마케터,help@saramin.co.kr,https://www.saramin.co.kr/zf_user/jobs/relay/view?view_type=search&rec_idx=53789771&location=ts&searchword=%ED%81%90%ED%85%90&searchType=search&paid_fl=n&search_uuid=1ec0869b-d764-4591-b54a-13718682734f
사람인,(주)피츠,[뷰티/마케팅] 블랑네이처 퍼포먼스 마케팅 팀장 모집,help@saramin.co.kr,https://www.saramin.co.kr/zf_user/jobs/relay/view?view_type=search&rec_idx=53934954&location=ts&searchword=%ED%81%90%ED%85%90&searchType=search&paid_fl=n&search_uuid=1ec0869b-d764-4591-b54a-13718682734f
사람인,(주)더컴퍼니유,[온라인 마케팅] 디지털 마케팅 담당자 채용,help@saramin.co.kr,https://www.saramin.co.kr/zf_user/jobs/relay/view?view_type=search&rec_idx=53980837&location=ts&searchword=%ED%81%90%ED%85%90&searchType=search&paid_fl=n&search_uuid=1ec0869b-d764-4591-b54a-13718682734f
사람인,(주)메디테라피,[메디테라피] 일본 마케터,job@thefounders.kr,https://www.saramin.co.kr/zf_user/jobs/relay/view?view_type=search&rec_idx=54013568&location=ts&searchword=%ED%81%90%ED%85%90&searchType=search&paid_fl=n&search_uuid=1ec0869b-d764-4591-b54a-13718682734f
사람인,(주)바이트랩,[글로벌] 중국 릴리이브 마케터(경력),help@saramin.co.kr,https://www.saramin.co.kr/zf_user/jobs/relay/view?view_type=search&rec_idx=54049509&location=ts&searchword=%ED%81%90%ED%85%90&searchType=search&paid_fl=n&search_uuid=1ec0869b-d764-4591-b54a-13718682734f
사람인,주식회사 제이앤코파운데이션,주식회사 제이앤코파운데이션 화장품 마케팅(기획·전략) 경력 채용 공고입니다,help@saramin.co.kr,https://www.saramin.co.kr/zf_user/jobs/relay/view?view_type=search&rec_idx=54106552&location=ts&searchword=%ED%81%90%ED%85%90&searchType=search&paid_fl=n&search_uuid=1ec0869b-d764-4591-b54a-13718682734f
사람인,굿커리어,[화장품 중견기업] 마케팅 전략 부장급 채용 #,insa@goodcareer.co.kr,https://www.saramin.co.kr/zf_user/jobs/relay/view?view_type=search&rec_idx=54144070&location=ts&searchword=%ED%81%90%ED%85%90&searchType=search&paid_fl=n&search_uuid=1ec0869b-d764-4591-b54a-13718682734f
사람인,에버브레인컨설팅(주),[국내 건강기능식품 기업] 해외영업 담당자(중화권),help@saramin.co.kr,https://www.saramin.co.kr/zf_user/jobs/relay/view?view_type=search&rec_idx=54148581&location=ts&searchword=%ED%81%90%ED%85%90&searchType=search&paid_fl=n&search_uuid=1ec0869b-d764-4591-b54a-13718682734f
사람인,(주)셀로라,[셀로라바이] 영상 콘텐츠마케터 채용 (신입 가능),help@saramin.co.kr,https://www.saramin.co.kr/zf_user/jobs/relay/view?view_type=search&rec_idx=54160350&location=ts&searchword=%ED%81%90%ED%85%90&searchType=search&paid_fl=n&search_uuid=1ec0869b-d764-4591-b54a-13718682734f
사람인,(주)바이트랩,[글로벌] 북미 릴리이브 영상편집자(체험형 인턴),help@saramin.co.kr,https://www.saramin.co.kr/zf_user/jobs/relay/view?view_type=search&rec_idx=54180393&location=ts&searchword=%ED%81%90%ED%85%90&searchType=search&paid_fl=n&search_uuid=1ec0869b-d764-4591-b54a-13718682734f
사람인,휴머레인컨설팅,긴급) 해외마케팅 (일본 담당) - 글로벌 뷰티사 (급성장중),jamie@humarain.co.kr,https://www.saramin.co.kr/zf_user/jobs/relay/view?view_type=search&rec_idx=54234762&location=ts&searchword=%ED%81%90%ED%85%90&searchType=search&paid_fl=n&search_uuid=1ec0869b-d764-4591-b54a-13718682734f
사람인,(주)에이스파트너스서치펌,제약회사 계열 화장품 기업 일본 온라인 마케팅 팀원 채용,help@saramin.co.kr,https://www.saramin.co.kr/zf_user/jobs/relay/view?view_type=search&rec_idx=54272610&location=ts&searchword=%ED%81%90%ED%85%90&searchType=search&paid_fl=n&search_uuid=1ec0869b-d764-4591-b54a-13718682734f
사람인,(주)HR컨설팅그룹,"[대형 뷰티브랜드] 글로벌 인플루언서 마케팅 (영어, 주임~대리)",help@saramin.co.kr,https://www.saramin.co.kr/zf_user/jobs/relay/view?view_type=search&rec_idx=54130228&location=ts&searchword=%ED%81%90%ED%85%90&searchType=search&paid_fl=n&search_uuid=1ec0869b-d764-4591-b54a-13718682734f
사람인,터닝포인트HR,(코스피 상장 대기업) 그로스플랫폼 팀장(이커머스+마케팅),help@saramin.co.kr,https://www.saramin.co.kr/zf_user/jobs/relay/view?view_type=search&rec_idx=54206501&location=ts&searchword=%ED%81%90%ED%85%90&searchType=search&paid_fl=n&search_uuid=1ec0869b-d764-4591-b54a-13718682734f
사람인,(주)아워코퍼레이션,[아워코퍼레이션] 일본 마케팅 파트장,help@saramin.co.kr,https://www.saramin.co.kr/zf_user/jobs/relay/view?view_type=search&rec_idx=54207818&location=ts&searchword=%ED%81%90%ED%85%90&searchType=search&paid_fl=n&search_uuid=1ec0869b-d764-4591-b54a-13718682734f
사람인,(주)인코리아 프로페셔널(In Korea Professional),[코스닥 상장사] 홈케어 글로벌마케터,help@saramin.co.kr,https://www.saramin.co.kr/zf_user/jobs/relay/view?view_type=search&rec_idx=54243567&location=ts&searchword=%ED%81%90%ED%85%90&searchType=search&paid_fl=n&search_uuid=1ec0869b-d764-4591-b54a-13718682734f
