국가,출처,회사명,전화번호,이메일,URL
국내,파우더룸,채식주의,,,
국내,파우더룸,러븀,,,
국내,파우더룸,토니모리,,,
국내,파우더룸,마몽드,,,
국내,파우더룸,폴라초이스,,,
국내,파우더룸,라운드랩,,,
국내,파우더룸,낫씨백,,,
국내,파우더룸,이퀄베리,,,
국내,파우더룸,달바,,,
국내,파우더룸,라네즈,,,
국내,파우더룸,토니모리,,,
국내,파우더룸,나츄리에,,,
국내,파우더룸,아이소이,,,
국내,파우더룸,이즈앤트리,,,
국내,파우더룸,마녀공장,,,
국내,파우더룸,에뛰드,,,
국내,파우더룸,키엘,,,
국내,파우더룸,마몽드,,,
국내,파우더룸,수이스킨,,,
국내,파우더룸,닥터지,,,
국내,파우더룸,아누아,,,
국내,파우더룸,이즈앤트리,,,
국내,파우더룸,어바웃미,,,
국내,파우더룸,네이처리퍼블릭,,,
국내,파우더룸,에뛰드,,,
국내,파우더룸,땡큐파머,,,
국내,파우더룸,발란스,,,
국내,파우더룸,이니스프리,,,
국내,파우더룸,셀퓨전씨,,,
국내,파우더룸,오히어,,,
국내,파우더룸,브링그린,,,
국내,파우더룸,더랩바이블랑두,,,
국내,파우더룸,네이처리퍼블릭,,,
국내,파우더룸,빌리프,,,
국내,파우더룸,에프플로우,,,
국내,파우더룸,브링그린,,,
국내,파우더룸,닥터뉴엘,,,
국내,파우더룸,썸바이미,,,
국내,파우더룸,프리메라,,,
국내,파우더룸,마이스킨솔루스,,,
국내,파우더룸,더마피아,,,
국내,파우더룸,네이처리퍼블릭,,,
국내,파우더룸,유리아쥬,,,
국내,파우더룸,넘버즈인,,,
국내,파우더룸,스킨푸드,,,
국내,파우더룸,메이크프렘,,,
국내,파우더룸,땡큐파머,,,
국내,파우더룸,랩클,,,
국내,파우더룸,홀리카홀리카,,,
국내,파우더룸,메이드미,,,
국내,파우더룸,웰라쥬,,,
국내,파우더룸,트리앤씨,,,
국내,파우더룸,더마펌,,,
국내,파우더룸,인터미션,,,
국내,파우더룸,어바웃미,,,
국내,파우더룸,마몽드,,,
국내,파우더룸,닥터지,,,
국내,파우더룸,닥터자르트,,,
국내,파우더룸,스와니코코,,,
국내,파우더룸,토리든,,,
국내,파우더룸,바이애콤,,,
국내,파우더룸,코스알엑스,,,
국내,파우더룸,메디힐,,,
국내,파우더룸,자빈드서울,,,
국내,파우더룸,프리메라,,,
국내,파우더룸,마데카21,,,
국내,파우더룸,마녀공장,,,
국내,파우더룸,싸이닉,,,
국내,파우더룸,진저6,,,
국내,파우더룸,네이처리퍼블릭,,,
국내,파우더룸,더메디닥터,,,
국내,파우더룸,보타니티,,,
국내,파우더룸,리리코스 마린에너지,,,
국내,파우더룸,퍼셀,,,
국내,파우더룸,스칸스킨,,,
국내,파우더룸,세타필,,,
국내,파우더룸,닥터지,,,
국내,파우더룸,마몽드,,,
국내,파우더룸,원씽,,,
국내,파우더룸,클레어스,,,
국내,파우더룸,허니집,,,
국내,파우더룸,플로디카,,,
국내,파우더룸,크리니크,,,
국내,파우더룸,비오엠,,,
국내,파우더룸,한율,,,
국내,파우더룸,시크릿키,,,
국내,파우더룸,이즈앤트리,,,
국내,파우더룸,엑스비앙스,,,
국내,파우더룸,홀리카홀리카,,,
국내,파우더룸,셀몽드,,,
국내,파우더룸,스킨푸드,,,
국내,파우더룸,코스노리,,,
국내,파우더룸,아티스트리,,,
국내,파우더룸,이니스프리,,,
국내,파우더룸,홀리카홀리카,,,
국내,파우더룸,나인위시스,,,
국내,파우더룸,한율,,,
국내,파우더룸,라네즈,,,
국내,파우더룸,랑벨,,,
국내,파우더룸,산타마리아노벨라,,,
